<application>
  <component name="ProjectJdkTable">
    <jdk version="2">
      <name value="Python 3.6 (jupyter)" />
      <type value="Python SDK" />
      <version value="Python 3.6.7" />
      <homePath value="/opt/miniconda3/envs/jupyter/bin/python" />
      <roots>
        <classPath>
          <root type="composite">
            <root url="file:///opt/miniconda3/envs/jupyter/lib/python3.6" type="simple" />
            <root url="file:///opt/miniconda3/envs/jupyter/lib/python3.6/lib-dynload" type="simple" />
            <root url="file:///opt/miniconda3/envs/jupyter/lib/python3.6/site-packages" type="simple" />
            <root url="file://$USER_HOME$/.PyCharmCE2019.1/system/python_stubs/432866326" type="simple" />
            <root url="file://$APPLICATION_HOME_DIR$/helpers/python-skeletons" type="simple" />
            <root url="file://$APPLICATION_HOME_DIR$/helpers/typeshed/stdlib/3" type="simple" />
            <root url="file://$APPLICATION_HOME_DIR$/helpers/typeshed/stdlib/2and3" type="simple" />
            <root url="file://$APPLICATION_HOME_DIR$/helpers/typeshed/third_party/3" type="simple" />
            <root url="file://$APPLICATION_HOME_DIR$/helpers/typeshed/third_party/2and3" type="simple" />
          </root>
        </classPath>
        <sourcePath>
          <root type="composite" />
        </sourcePath>
      </roots>
      <additional />
    </jdk>
  </component>
</application>