<application>
  <component name="ProjectManager">
    <defaultProject>
      <component name="ProjectModuleManager">
        <modules>
          <module fileurl="file://$USER_HOME$/rsync/python/misc/python2/.idea/python2.iml" filepath="$USER_HOME$/rsync/python/misc/python2/.idea/python2.iml" />
        </modules>
      </component>
      <component name="PropertiesComponent">
        <property name="last_opened_file_path" value="$USER_HOME$/anaconda2/bin/python" />
        <property name="settings.editor.selected.configurable" value="reference.settingsdialog.IDE.editor.colors" />
      </component>
    </defaultProject>
  </component>
</application>